번호	장면	원문 지문	분류	화면 표시 문구	연출 명령	이유
1	P1	덜컹거리는 마차. 창밖으로 눈 덮이기 직전의 숲. 다람이 간식 봉지를 무릎에 올려놓고 있다.	무대 지문(대사창 미표시)	(표시 안 함)	{"sfx":"roll"}	배경 마차 그림·바퀴 소리로 표현
2	P1	아빠가 낡은 편지 한 통을 펼친다. 봉투의 소인이 클로즈업된다. 골짜기 마을.	관찰(짧게 표시)	편지 봉투의 소인. 골짜기 마을.		소인 정보는 필요, 클로즈업 그림 없음 → 짧게
3	P1	다람이 편지를 한 번 더 본다. 마부석 쪽 창이 열리고 까마귀가 고개를 들이민다.	무대 지문(대사창 미표시)	(표시 안 함)	{"sfx":"doorOpen"}	까로 등장은 까로 첫 대사가 그림과 함께 보여 줌
4	P1	아빠가 서명한다. 다람이 연필을 가져다 그 아래에 이름을 쓴다. 삐뚤빼뚤하다.	관찰(짧게 표시)	다람이 아빠 서명 아래에 삐뚤빼뚤 이름을 쓴다.		다음 대사의 농담에 필요 → 짧게
5	P2	마차에서 내린다. 작은 광장, 오래된 돌바닥. 마을 사람들이 겨울 장작을 나르고 있다.	무대 지문(대사창 미표시)	(표시 안 함)	{}	장소 띠(마을 입구, 광장)와 배경으로 표현
6	P2	긴 옷을 입은 늙은 주민 하나가 지나가다 멈춘다. 별지기 장로다. 시선이 다람의 목에 걸린 목걸이에 머문다.	관찰(짧게 표시)	지나가던 별지기 장로가 걸음을 멈추고 다람의 목걸이를 본다.		장로 그림 없음, 복선 정보 → 짧게
7	P2	짧은 정적. 장로는 아무 말 없이 고개를 돌려 지나간다.	관찰(짧게 표시)	장로는 아무 말 없이 지나간다.		짧게
8	P2	아빠의 시선이 장로의 뒷모습과 다람의 목걸이 사이를 한 번 오간다.	관찰(짧게 표시)	장로의 뒷모습과 다람의 목걸이를 번갈아 본다.		아빠 1인칭 관찰 → 짧게
9	P3	따뜻한 불빛. 낮은 천장. 할머니가 빗자루를 든 채 문을 연다.	무대 지문(대사창 미표시)	(표시 안 함)	{"sfx":"doorOpen"}	여관 현관 배경 + 문 소리 + 할머니 첫 대사로 등장
10	P3	할머니가 다람을 보고 손을 멈춘다.	무대 지문(대사창 미표시)	(표시 안 함)	{}	다음 할머니 대사로 표현
11	P3	다람이 그대로 굳는다. 한 박자.	무대 지문(대사창 미표시)	(표시 안 함)	{"mood":"shock"}	다음 다람 대사 표정(놀람)으로 표현
12	P3	할머니가 먼저 안으로 들어간다. 다람이 아빠를 올려다본다. 아빠는 할머니가 사라진 쪽을 본다.	관찰(짧게 표시)	할머니가 서둘러 먼저 안으로 들어간다.		할머니의 회피는 필요 → 짧게
13	P4	긴 복도 양쪽으로 침대가 놓인 작은 방들이 이어진다. 문마다 겨울잠 손님을 위한 두꺼운 이불.	무대 지문(대사창 미표시)	(표시 안 함)	{}	2층 복도 배경으로 표현
14	P4	다람이 손가락으로 침대를 하나씩 센다.	무대 지문(대사창 미표시)	(표시 안 함)	{}	다람의 세는 대사로 표현
15	P4	복도는 커다란 벽시계 앞을 지나 한 번 꺾인다. 꺾인 끝, 반쯤 열린 창고 문 안쪽에 침대가 하나 더 보인다. 그 옆으로 아래층 부엌에 이어진 좁은 계단.	관찰(짧게 표시)	복도는 벽시계 앞에서 한 번 꺾인다. 꺾인 끝, 반쯤 열린 창고 안에 침대가 하나 더 있다. 옆에는 부엌으로 내려가는 좁은 계단.		시계·꺾인 복도·창고·뒤 계단은 추리에 필요(배경 그림에 없음) → 짧게
16	P4	할머니가 웃으며 창고 문을 닫는다. 달칵.	관찰(짧게 표시)	할머니가 웃으며 창고 문을 닫는다.	{"sfx":"door"}	숨기는 행동은 필요. '달칵'은 소리로
17	P5	긴 나무 식탁. 투숙객들이 저녁을 먹고 있다. 천장에 박쥐 하나가 거꾸로 매달려 있다.	관찰(짧게 표시)	천장에 박쥐 하나가 거꾸로 매달려 있다.		식탁은 배경, 거꾸로 매달린 자세는 대화에 필요
18	P5	창가 자리, 작은 공책을 펼친 투숙객.	무대 지문(대사창 미표시)	(표시 안 함)	{}	도토 첫 대사로 등장
19	P5	부엌 쪽에서 공구 상자를 든 주민이 나온다.	무대 지문(대사창 미표시)	(표시 안 함)	{}	부리 첫 대사로 등장
20	P5	잠시 뒤, 부리가 부엌문을 여닫아 본다. 이제 꼭 닫힌다.	관찰(짧게 표시)	부리가 고친 부엌문이 이제 꼭 닫힌다.		부엌 동선 정보 → 짧게
21	P6	문이 열리고 찬바람과 함께 족제비 하나가 들어온다. 고급 외투, 가죽 가방.	무대 지문(대사창 미표시)	(표시 안 함)	{"sfx":"doorOpen"}	문 소리 + 세련 첫 대사로 등장
22	P6	세련이 가방을 내려놓는다. 열린 틈으로 처음 보는 봉인이 찍힌 편지 묶음이 보인다.	관찰(짧게 표시)	세련이 내려놓은 가방 틈으로 편지 묶음이 보인다.		복선 → 짧게
23	P6	봉인 무늬가 잠깐 비친다. 이 마을 어디에서도 본 적 없는 무늬.	관찰(짧게 표시)	이 마을에서 본 적 없는 봉인이다.		원문 [작은 확대]. 확대 그림 없음 → 짧게
24	P6	세련이 숙박부에 이름을 적는다. 할머니가 그 이름과 얼굴을 번갈아 본다. 손이 잠깐 멈춘다.	관찰(짧게 표시)	할머니가 숙박부의 이름과 세련의 얼굴을 번갈아 본다.		할머니가 알아보는 복선 → 짧게
25	P7	불 끈 방. 창밖 하늘이 낮다. 눈 냄새가 난다.	무대 지문(대사창 미표시)	(표시 안 함)	{}	부녀의 방 배경(밤)으로 표현
26	P7	멀리서 마을 종이 울린다. 다람이 이불 속에서 손가락을 접으며 센다.	관찰(짧게 표시)	멀리서 마을 종이 울린다.		종은 정각에만 친다는 단서 → 남김
27	P7	다람이 이불을 끌어 올린다. 암전.	무대 지문(대사창 미표시)	(표시 안 함)	{"fade":1}	암전
28	P8	쾅. 문 열리는 소리.	무대 지문(대사창 미표시)	(표시 안 함)	{"sfx":"slam"}	효과음
29	P8	투숙객들이 복도로 몰려나온다. 천장의 거꾸리가 하품을 한다.	무대 지문(대사창 미표시)	(표시 안 함)	{}	거꾸리 대사로 표현
30	P8	2층 수색이 빠르게 이어진다. 꺾인 복도 끝, 반쯤 열린 창고 문 앞에서 거꾸리가 소리친다.	관찰(짧게 표시)	모두 2층을 뒤진다.		장면 전환 → 짧게
31	P8	창고 문이 열린다. 열세 번째 침대. 도토가 이불을 들추자 베개 쪽에서 가죽 돈주머니가 나온다.	관찰(짧게 표시)	도토가 열세 번째 침대의 이불을 들추자, 베개 쪽에서 가죽 돈주머니가 나온다.		발견 장면 → 짧게
32	P8	할머니가 빈 베개 구석을 오래 본다. 아무 말도 하지 않는다.	관찰(짧게 표시)	할머니는 빈 베개 구석을 말없이 오래 본다.		솜솜 복선 → 짧게
33	P8	모두의 시선이 할머니에게 간다.	관찰(짧게 표시)	모두의 시선이 할머니에게 간다.		짧은 관찰 그대로
34	P9	계단을 올라 꼿꼿한 자세의 주민이 온다. 손에 기록부. 모두 창고 앞에 모여 있다.	무대 지문(대사창 미표시)	(표시 안 함)	{}	로웬 첫 대사로 등장(창고 배경)
35	P10	어른들이 창고 앞에서 웅성거리는 사이, 다람이 혼자 뒤 계단으로 부엌에 내려간다. 반죽 냄새. 식탁 위에 아무것도 없다.	관찰(짧게 표시)	어른들이 웅성거리는 사이, 다람이 혼자 뒤 계단으로 부엌에 내려간다. 식탁 위에 아무것도 없다.		동선·빈 식탁 정보 → 짧게
36	P10	찬장 위 커다란 찻주전자. 다람이 뚜껑을 연다.	관찰(짧게 표시)	다람이 찬장 위 커다란 찻주전자의 뚜껑을 연다.		핵심 행동 → 짧게
37	P10	안에 작은 겨울잠쥐 하나가 웅크려 있다. 움직이지 않는다.	관찰(짧게 표시)	안에 작은 겨울잠쥐 하나가 웅크려 있다. 움직이지 않는다.		핵심 관찰
38	P10	다람이 손끝으로 살짝 건드린다. 차갑다.	관찰(짧게 표시)	다람이 손끝으로 살짝 건드린다. 차갑다.		핵심 관찰
39	P10	다람은 소리를 지르지 않는다. 뚜껑을 조용히 닫는다. 그리고 뛴다.	관찰(짧게 표시)	다람은 소리 없이 뚜껑을 닫고 뛰어간다.		짧게
40	P11	다람이 아빠의 소매를 붙잡는다. 숨이 차다.	무대 지문(대사창 미표시)	(표시 안 함)	{"mood":"shock"}	다음 다람 대사 표정으로 표현
41	P11	아빠가 다람의 어깨를 한 번 잡는다. 둘이 뒤 계단으로 내려간다. 부엌. 아빠가 찻주전자 안을 본다. 오래.	관찰(짧게 표시)	뒤 계단으로 부엌에 내려가 찻주전자 안을 오래 들여다본다.		아빠 1인칭 → 짧게
42	P11	아빠가 두 손으로 작은 몸을 조심스럽게 꺼내 식탁 위 빵 바구니로 옮긴다. 수건을 한 겹 덮는다.	관찰(짧게 표시)	작은 몸을 조심스럽게 꺼내 빵 바구니로 옮기고, 수건을 한 겹 덮는다.		회의 논점(찻주전자→바구니) → 짧게 남김
43	P11	로웬이 뒤따라 내려온다.	무대 지문(대사창 미표시)	(표시 안 함)	{}	로웬 대사로 등장
44	P11	로웬이 기록부에 적고 나간다.	관찰(짧게 표시)	로웬이 기록부에 적고 나간다.		회의 기록(C10) 복선 → 남김
45	I1/I7 돈주머니	주머니 입구를 종이 봉인띠가 감고 있다. 붉은 도장. 「세련」, 그리고 끝이 말린 별 무늬. 인주가 아직 끈적하다.	관찰(짧게 표시)	주머니 입구를 종이 봉인띠가 감고 있다. 붉은 도장. 「세련」, 그리고 끝이 말린 별 무늬. 인주가 아직 끈적하다.		증거 관찰
46	I1/I7 돈주머니	봉인띠 밑에 접힌 종이가 끼워져 있다. 여관 매매 계약서. 할머니 서명 칸은 비어 있다. 세련의 서명 끝에 손으로 그린 별이 있다.	관찰(짧게 표시)	봉인띠 밑에 접힌 종이가 끼워져 있다. 여관 매매 계약서. 할머니 서명 칸은 비어 있다. 세련의 서명 끝에 손으로 그린 별이 있다.		증거 관찰
47	I1/I7 돈주머니	앞뒤를 모두 펼쳐 볼 수 있다. 뒷면에는 「매도인이 숙박 허가를 잃는 날, 이 계약은 효력이 생긴다.」라고 적혀 있다.	관찰(짧게 표시)	앞뒤를 모두 펼쳐 볼 수 있다. 뒷면에는 「매도인이 숙박 허가를 잃는 날, 이 계약은 효력이 생긴다.」라고 적혀 있다.		증거 관찰(뒷면 선공개)
48	I1/I7 이불	두꺼운 겨울잠 이불. 모서리에 하얀 가루로 된 손자국이 묻어 있다.	관찰(짧게 표시)	두꺼운 겨울잠 이불. 모서리에 하얀 가루로 된 손자국이 묻어 있다.		증거 관찰
49	I1/I7 손님 장부 첫째 권	30년 전부터 10년 전까지의 이름이 적혀 있다. 이름 대신 「이름 모르는 손님」이라 적힌 줄이 많다.	관찰(짧게 표시)	30년 전부터 10년 전까지의 이름이 적혀 있다. 이름 대신 「이름 모르는 손님」이라 적힌 줄이 많다.		증거 관찰
50	I1/I7 손님 장부 첫째 권	이름 대신 그림을 남긴 줄도 군데군데 있다. 발자국, 꽃, 동그라미, 별.	관찰(짧게 표시)	이름 대신 그림을 남긴 줄도 군데군데 있다. 발자국, 꽃, 동그라미, 별.		증거 관찰(최종 대결 단서)
51	I1/I7 침대 밑	작은 나무 상자. 숫자 네 개를 맞추는 자물쇠가 달려 있다.	관찰(짧게 표시)	작은 나무 상자. 숫자 네 개를 맞추는 자물쇠가 달려 있다.		조사 관찰
52	I1/I7 침대 머리판	낡은 나무 머리판. 칼로 새긴 글씨가 희미하다. 창고 안이 어두워 지금은 읽을 수 없다.	관찰(짧게 표시)	낡은 나무 머리판. 칼로 새긴 글씨가 희미하다. 창고 안이 어두워 지금은 읽을 수 없다.		조사 관찰
53	I1/I7 침대 머리판 (햇빛)	해가 들어 칼로 새긴 글씨가 읽힌다. 「첫 손님, 열한 번째 달 둘째 날」.	관찰(짧게 표시)	해가 들어 칼로 새긴 글씨가 읽힌다. 「첫 손님, 열한 번째 달 둘째 날」.		자물쇠 단서
54	I1/I7 침대 머리판 (햇빛)	창고 창이 손가락 한 마디만큼 열려 있다. 창틀에 녹은 눈 자국.	관찰(짧게 표시)	창고 창이 손가락 한 마디만큼 열려 있다. 창틀에 녹은 눈 자국.		조사 관찰
55	I3/I8 바구니 속 손님	작은 겨울잠쥐. 몸을 동그랗게 말고 있다. 손을 대면 방 안 공기처럼 차갑다.	관찰(짧게 표시)	작은 겨울잠쥐. 몸을 동그랗게 말고 있다. 손을 대면 방 안 공기처럼 차갑다.		증거 관찰
56	I3/I8 바구니 속 손님	아빠가 수건을 느슨하게 덮고 손님의 몸과 호흡을 살핀다. 아주 작은 몸은 눈에 띄게 움직이지 않는다.	관찰(짧게 표시)	수건을 느슨하게 덮고 몸과 호흡을 살핀다. 눈에 띄게 움직이지 않는다.		아빠 1인칭 관찰 → 짧게
57	I3/I8 손님의 털	돋보기로 보면 겨울잠쥐의 옆구리털에 붉은 무언가가 찍혀 있다. 번졌지만 읽힌다. 거꾸로 된 글씨. 그리고 끝에 작은 별. 털 속까지 깊이 배어 있다.	관찰(짧게 표시)	돋보기로 보면 겨울잠쥐의 옆구리털에 붉은 무언가가 찍혀 있다. 번졌지만 읽힌다. 거꾸로 된 글씨. 그리고 끝에 작은 별. 털 속까지 깊이 배어 있다.		증거 관찰
58	I4 시계	오래된 벽시계. 숫자가 없고 눈금만 있다. 복도 등잔이 비춘다. 옆에 작은 복도 창.	관찰(짧게 표시)	오래된 벽시계. 숫자가 없고 눈금만 있다. 복도 등잔이 비춘다. 옆에 작은 복도 창.		증거 관찰(복도 배경에 시계 그림 없음)
59	I5 날씨 일지	같은 창밖을 매일 적은 공책. 대부분 「흐림」, 「맑음」 한 단어다. 어젯밤 줄만 길다.	관찰(짧게 표시)	같은 창밖을 매일 적은 공책. 대부분 「흐림」, 「맑음」 한 단어다. 어젯밤 줄만 길다.		증거 관찰
60	I5 날씨 일지	「자정, 첫눈」	관찰(짧게 표시)	「자정, 첫눈」		증거 관찰
61	I6 숙박부	세련의 줄: 1박. 정오 마차로 출발 예정.	관찰(짧게 표시)	세련의 줄: 1박. 정오 마차로 출발 예정.		증거 관찰
62	질문 nabi 열세 번째 침대에 대해	나비가 반죽 그릇을 괜히 닦는다.	관찰(짧게 표시)	나비가 반죽 그릇을 괜히 닦는다.		행동 단서
63	질문 geokkuri 어젯밤 무엇을 봤나	아빠가 조사한 돈주머니를 보여 준다.	관찰(짧게 표시)	조사한 돈주머니를 보여 준다.		아빠 1인칭 행동 → 짧게
64	I9	주민들이 식당으로 모여든다. 길이 막히기 직전이라 다들 여관에 와 있다. 까로가 문가에 우편 가방을 내려놓는다.	관찰(짧게 표시)	주민들이 식당으로 모여든다.		장면 전환 → 짧게
65	I7 자물쇠	딸깍. 상자가 열린다. 안에는 낡은 공책 한 권.	관찰(짧게 표시)	상자가 열린다. 안에는 낡은 공책 한 권.	{"sfx":"unlock"}	'딸깍'은 소리로
66	M0	[잠정 투표] 할머니 5 · 기권 1 나비	진행 안내(시스템 표시)	[잠정 투표] 할머니 5 · 기권 1 나비		대괄호 진행 안내
67	M0	주민들 앞에 표가 놓인다. 다섯 장이 할머니 쪽에 쌓인다. 나비만 표를 쥐고 있다.	무대 지문(대사창 미표시)	(표시 안 함)	{}	득표 표시(공개 득표 칸)로 표현
68	M1	하얀 손자국이 크게 비친다.	무대 지문(대사창 미표시)	(표시 안 함)	{}	증거 강조 연출(아직 그림 확대 없음)
69	M1	나비가 할머니를 본다. 할머니가 아주 작게 고개를 끄덕인다.	관찰(짧게 표시)	나비가 할머니를 본다. 할머니가 아주 작게 고개를 끄덕인다.		인정의 계기 → 남김
70	M1	로웬이 기록부에 적는다. 연필 소리가 크게 울린다.	무대 지문(대사창 미표시)	(표시 안 함)	{"sfx":"page"}	소리로
71	M1	[표 변화] 할머니 5 · 기권 1 나비	진행 안내(시스템 표시)	[표 변화] 할머니 5 · 기권 1 나비		대괄호 진행 안내
72	M1	[상황] 표는 그대로다. 무허가 숙박 벌금이 추가됐다.	진행 안내(시스템 표시)	[상황] 표는 그대로다. 무허가 숙박 벌금이 추가됐다.		대괄호 진행 안내
73	M1	[연결] 이어서 제시할 증거를 하나 더 고르세요.	진행 안내(시스템 표시)	[연결] 이어서 제시할 증거를 하나 더 고르세요.		대괄호 진행 안내
74	M2도입	로웬이 기록부를 넘긴다.	무대 지문(대사창 미표시)	(표시 안 함)	{"sfx":"page"}	소리로
75	M2도입	[증거 획득] C10 로웬의 회의 기록 「부엌에서 손님 하나 추가 발견.」	진행 안내(시스템 표시)	[증거 획득] C10 로웬의 회의 기록 「부엌에서 손님 하나 추가 발견.」		대괄호 진행 안내
76	M2도입	[다람 수첩] 글씨가 전부 똑바로 서 있다. 로웬 아저씨처럼.	진행 안내(시스템 표시)	[다람 수첩] 글씨가 전부 똑바로 서 있다. 로웬 아저씨처럼.		대괄호 진행 안내
77	M2도입	식당이 술렁인다. 몇 사람이 할머니 앞의 표를 만지작거린다.	무대 지문(대사창 미표시)	(표시 안 함)	{"sfx":"murmur"}	소리로
78	M2도입	할머니가 바구니의 수건을 살짝 걷어 얼굴을 본다. 몸을 앞으로 기울인다.	관찰(짧게 표시)	할머니가 바구니의 수건을 살짝 걷어 얼굴을 본다.		다음 대사의 계기 → 짧게
79	M2	모두 다람을 본다. 다람이 숨을 고른다.	무대 지문(대사창 미표시)	(표시 안 함)	{}	다람 대사로 표현
80	M2	긴 정적. 모두 바구니를 본다. 아주 작은 콧수염 하나가 움직인다.	관찰(짧게 표시)	긴 정적. 아주 작은 콧수염 하나가 움직인다.		생존 확인 핵심 → 짧게
81	M2	부리가 다시 빵 바구니를 들여다본다. 오래.	무대 지문(대사창 미표시)	(표시 안 함)	{}	부리 대사로 표현
82	M2	식당의 공기가 풀린다. 그리고 다시 굳는다.	무대 지문(대사창 미표시)	(표시 안 함)	{}	분위기 지문
83	M2	시선이 부녀에게 쏠린다. 다람이 아빠 소매를 잡는다.	무대 지문(대사창 미표시)	(표시 안 함)	{}	다람 대사로 표현
84	M2	[표 변화] 할머니 3 · 부녀 3	진행 안내(시스템 표시)	[표 변화] 할머니 3 · 부녀 3		대괄호 진행 안내
85	M3	[감점 없음] 거꾸리의 증언 기록을 이어 보세요.	진행 안내(시스템 표시)	[감점 없음] 거꾸리의 증언 기록을 이어 보세요.		대괄호 진행 안내
86	M3	[연결] 거꾸리의 시각 확인으로 넘어갑니다. 이어서 거꾸리의 자리를 이어 보세요.	진행 안내(시스템 표시)	[연결] 거꾸리의 시각 확인으로 넘어갑니다. 이어서 거꾸리의 자리를 이어 보세요.		대괄호 진행 안내
87	M3	[표 변화] 세련 3 · 할머니 2 · 부녀 1	진행 안내(시스템 표시)	[표 변화] 세련 3 · 할머니 2 · 부녀 1		대괄호 진행 안내
88	M3	[증거 갱신] C13의 목격 시각이 「자정」으로 고쳐진다. 목격한 행동은 그대로다.	진행 안내(시스템 표시)	[증거 갱신] C13의 목격 시각이 「자정」으로 고쳐진다. 목격한 행동은 그대로다.		대괄호 진행 안내
89	M3	[감점 없음] 시계와 거꾸리의 밤 자리를 먼저 이어 보세요.	진행 안내(시스템 표시)	[감점 없음] 시계와 거꾸리의 밤 자리를 먼저 이어 보세요.		대괄호 진행 안내
90	M3	[연결] 이어서 제시할 증거를 하나 더 고르세요.	진행 안내(시스템 표시)	[연결] 이어서 제시할 증거를 하나 더 고르세요.		대괄호 진행 안내
91	M3	화면이 뒤집히며 시계가 거꾸로 비친다. 위에서 겹쳐 있던 두 바늘이 아래를 가리킨다.	관찰(짧게 표시)	시계를 거꾸로 보면, 위에서 겹쳐 있던 두 바늘이 아래를 가리킨다.		뒤집기 그림 연출 없음 → 핵심 관찰로 남김
92	M3	[추가 질문] 목격할 때 내리기 시작한 눈은 언제였나?	진행 안내(시스템 표시)	[추가 질문] 목격할 때 내리기 시작한 눈은 언제였나?		대괄호 진행 안내
93	M4	[감점 없음]	진행 안내(시스템 표시)	[감점 없음]		대괄호 진행 안내
94	M4	[감점 없음]	진행 안내(시스템 표시)	[감점 없음]		대괄호 진행 안내
95	M4	세련의 얼굴이 크게 비친다. 입이 열렸다 닫힌다.	무대 지문(대사창 미표시)	(표시 안 함)	{}	세련 표정 연출
96	M4	식당이 술렁인다.	무대 지문(대사창 미표시)	(표시 안 함)	{"sfx":"murmur"}	소리로
97	M5투표	한 사람씩 표를 놓는다. 까로, 도토, 부리, 나비, 거꾸리. 표가 세련 앞에 쌓인다.	관찰(짧게 표시)	표가 하나씩 세련 앞에 쌓인다.		투표 진행 → 짧게
98	M5투표	로웬이 마지막으로 표를 든다. 잠깐 멈췄다가 놓는다.	관찰(짧게 표시)	로웬이 마지막으로 표를 든다. 잠깐 멈췄다가 놓는다.		로웬 결정의 무게 → 남김
99	M5투표	[지목] 세련 6표 · 유죄 확정이 아닌 최후 변론 대상 선정	진행 안내(시스템 표시)	[지목] 세련 6표 · 유죄 확정이 아닌 최후 변론 대상 선정		대괄호 진행 안내
100	F1	세련이 천천히 일어선다. 외투 깃을 바로잡는다.	무대 지문(대사창 미표시)	(표시 안 함)	{}	세련 대사로 표현
101	F1	세련이 주머니와 바구니를 번갈아 본다.	관찰(짧게 표시)	세련이 주머니와 바구니를 번갈아 본다.		인정 직전 → 남김
102	F2	[감점 없음] 열한 시 이후의 행동을 보여 주는 증거를 이어 보세요.	진행 안내(시스템 표시)	[감점 없음] 열한 시 이후의 행동을 보여 주는 증거를 이어 보세요.		대괄호 진행 안내
103	F2	[연결] 이어서 제시할 증거를 하나 더 고르세요.	진행 안내(시스템 표시)	[연결] 이어서 제시할 증거를 하나 더 고르세요.		대괄호 진행 안내
104	F3	장부의 별, 계약서 서명의 별, 봉인띠 도장의 별, 솜솜 털의 거꾸로 된 별이 나란히 비친다.	무대 지문(대사창 미표시)	(표시 안 함)	{}	증거 칩(장부·계약서·털) 동시 표시로 표현
105	F3	세련이 계약서를 내려다본다. 오래. 아무도 말하지 않는다.	관찰(짧게 표시)	세련이 계약서를 오래 내려다본다.		짧게
106	F3	세련의 표정이 잠깐 흔들린다. 곧 웃는다.	무대 지문(대사창 미표시)	(표시 안 함)	{}	세련 표정 연출
107	F3	[연결] 이어서 제시할 증거를 하나 더 고르세요.	진행 안내(시스템 표시)	[연결] 이어서 제시할 증거를 하나 더 고르세요.		대괄호 진행 안내
108	F4	아빠가 봉인띠 밑의 계약서를 펼친다. 조사 때 볼 수 있었던 뒷면 조항이 다시 비친다.	무대 지문(대사창 미표시)	(표시 안 함)	{}	계약서 증거 칩 표시로 표현
109	F4	[결정] 세련의 운반과 허위 신고, 할머니의 허가 상실을 노린 의도가 본인의 진술까지 합쳐 확인됐다.	진행 안내(시스템 표시)	[결정] 세련의 운반과 허위 신고, 할머니의 허가 상실을 노린 의도가 본인의 진술까지 합쳐 확인됐다.		대괄호 진행 안내
110	F4	할머니가 천천히 장부를 덮는다.	관찰(짧게 표시)	할머니가 천천히 장부를 덮는다.		감정 장면 시작 → 남김
111	F4	세련이 처음으로 고개를 숙인다.	관찰(짧게 표시)	세련이 처음으로 고개를 숙인다.		남김
112	E1	로웬이 세련의 팔을 잡는다.	관찰(짧게 표시)	로웬이 세련의 팔을 잡는다.		남김
113	E1	낯선 봉인의 편지 묶음이 로웬의 기록부 사이로 들어간다.	관찰(짧게 표시)	낯선 봉인의 편지 묶음이 로웬의 기록부 사이로 들어간다.		복선 → 남김
114	E1	까로가 마차에 오른다. 우편 가방 하나.	무대 지문(대사창 미표시)	(표시 안 함)	{}	까로 대사로 표현
115	E1	마차가 고개로 멀어진다. 눈이 굵어진다. 길이 하얗게 지워진다.	관찰(짧게 표시)	마차가 멀어지고, 눈이 길을 하얗게 지운다.		짧게
116	E2	할머니가 복도의 숫자 없는 시계를 떼어 내 로웬에게 건넨다.	관찰(짧게 표시)	할머니가 복도의 숫자 없는 시계를 떼어 내 로웬에게 건넨다.		남김
117	E2	부엌. 부리가 솜솜이 든 빵 바구니를 난로에서 적당히 떨어진 선반으로 옮긴다. 아무 말 없이.	관찰(짧게 표시)	부리가 솜솜이 든 바구니를 난로에서 떨어진 선반으로 옮긴다.		짧게
118	E3	다람이 혼자 복도를 걷는다. 할머니 방 문이 조금 열려 있다. 선반에 공책 한 권. 「손님 장부 둘째 권」.	관찰(짧게 표시)	할머니 방 문이 조금 열려 있다. 선반에 「손님 장부 둘째 권」.		짧게
119	E3	다람이 조용히 꺼내 마지막 장을 넘긴다.	무대 지문(대사창 미표시)	(표시 안 함)	{"sfx":"page"}	소리로
120	E3	지난겨울 줄. 열세 번째 침대. 익숙한 글씨.	관찰(짧게 표시)	지난겨울 줄. 열세 번째 침대. 익숙한 글씨.		핵심 → 남김
121	E3	뒤에서 할머니의 발소리. 다람이 장부를 든 채 돌아선다.	무대 지문(대사창 미표시)	(표시 안 함)	{}	할머니 등장·다람 대사로 표현
122	E3	할머니가 장부를 받아 덮는다. 천천히.	관찰(짧게 표시)	할머니가 장부를 받아 덮는다. 천천히.		남김
123	E3	문이 닫힌다. 다람은 오래 그 자리에 서 있다.	관찰(짧게 표시)	문이 닫힌다.		짧게
124	E4	다람이 복도를 걸으며 침대를 센다.	무대 지문(대사창 미표시)	(표시 안 함)	{}	다람 대사로 표현
125	E4	창고 안쪽에서 이불 펴는 소리. 할머니가 침대 하나를 더 펴고 있다.	관찰(짧게 표시)	창고 안쪽에서 할머니가 침대 하나를 더 펴고 있다.		핵심 → 짧게
126	E4	다람이 아빠를 본다. 아빠는 창밖 눈길을 오래 본다.	무대 지문(대사창 미표시)	(표시 안 함)	{}	분위기 지문
127	E4	다람이 간식 봉지를 꺼낸다. 마지막 한 봉지. 봉지를 뜯고 반을 아빠 손에 쥐여 준다.	관찰(짧게 표시)	다람이 마지막 간식 봉지를 뜯어, 반을 아빠 손에 쥐여 준다.		마무리 장면 → 짧게
128	E4	아빠가 손바닥의 간식을 보고, 다람을 본다.	무대 지문(대사창 미표시)	(표시 안 함)	{}	아빠 대사로 표현
129	M-F	정오. 까로가 마차 문을 연다. 할머니가 장부를 품에 안고 올라탄다.	관찰(짧게 표시)	정오. 까로가 마차 문을 연다. 할머니가 장부를 품에 안고 올라탄다.		M-F(미연결)
130	M-F	[다시] 회의 시작으로 돌아간다. 모은 증거는 그대로 남는다.	진행 안내(시스템 표시)	[다시] 회의 시작으로 돌아간다. 모은 증거는 그대로 남는다.		대괄호 진행 안내
